firstname,lastname,gender
name1,lastname1,Female
name2,lastname2,Female
name3,lastname3,Female
name4,lastname4,Male
name5,lastname5,Female
name6,lastname6,Female
name7,lastname7,Female
name8,lastname8,Male
name9,lastname9,Male
name10,lastname10,Female
name11,lastname11,Male
name12,lastname12,Male
name13,lastname13,Female
name14,lastname14,Female
name15,lastname15,Male
name16,lastname16,Male
name17,lastname17,Female
name18,lastname18,Female
name19,lastname19,Male
name20,lastname20,Male
name21,lastname21,Female
name22,lastname22,Male
name23,lastname23,Male
name24,lastname24,Male
name25,lastname25,Male
name26,lastname26,Male
name27,lastname27,Female
name28,lastname28,Male
name29,lastname29,Female
name30,lastname30,Male
name31,lastname31,Male
name32,lastname32,Female
name33,lastname33,Male
name34,lastname34,Female
name35,lastname35,Male
name36,lastname36,Male
name37,lastname37,Female
name38,lastname38,Female
name39,lastname39,Male
name40,lastname40,Male
name41,lastname41,Male
name42,lastname42,Female
name43,lastname43,Female
name44,lastname44,Male
name45,lastname45,Female
name46,lastname46,Female
name47,lastname47,Male
name48,lastname48,Female
name49,lastname49,Male
name50,lastname50,Male
name51,lastname51,Female
name52,lastname52,Female
name53,lastname53,Male
name54,lastname54,Female
name55,lastname55,Female
name56,lastname56,Male
name57,lastname57,Female
name58,lastname58,Female
name59,lastname59,Male
name60,lastname60,Male
name61,lastname61,Female
name62,lastname62,Female
name63,lastname63,Male
name64,lastname64,Female
name65,lastname65,Female
name66,lastname66,Female
name67,lastname67,Male
name68,lastname68,Male
name69,lastname69,Male
name70,lastname70,Female
name71,lastname71,Female
name72,lastname72,Male
name73,lastname73,Male
name74,lastname74,Male
name75,lastname75,Male
name76,lastname76,Female
name77,lastname77,Male
name78,lastname78,Female
name79,lastname79,Male
name80,lastname80,Female
name81,lastname81,Male
name82,lastname82,Male
name83,lastname83,Female
name84,lastname84,Female
name85,lastname85,Female
name86,lastname86,Male
name87,lastname87,Female
name88,lastname88,Male
name89,lastname89,Female
name90,lastname90,Male
name91,lastname91,Female
name92,lastname92,Male
name93,lastname93,Female
name94,lastname94,Male
name95,lastname95,Female
name96,lastname96,Male
name97,lastname97,Female
name98,lastname98,Male
name99,lastname99,Male
name100,lastname100,Female
name101,lastname101,Female
name102,lastname102,Male
name103,lastname103,Male
name104,lastname104,Female
name105,lastname105,Male
name106,lastname106,Female
name107,lastname107,Female
name108,lastname108,Male
name109,lastname109,Female
name110,lastname110,Male
name111,lastname111,Female
name112,lastname112,Female
name113,lastname113,Female
name114,lastname114,Female
name115,lastname115,Male
name116,lastname116,Female
name117,lastname117,Male
name118,lastname118,Female
name119,lastname119,Male
name120,lastname120,Female
name121,lastname121,Female
name122,lastname122,Female
name123,lastname123,Female
name124,lastname124,Male
name125,lastname125,Female
name126,lastname126,Male
name127,lastname127,Male
name128,lastname128,Female
name129,lastname129,Male
name130,lastname130,Female
name131,lastname131,Female
name132,lastname132,Male
name133,lastname133,Female
name134,lastname134,Female
name135,lastname135,Female
name136,lastname136,Male
name137,lastname137,Female
name138,lastname138,Male
name139,lastname139,Male
name140,lastname140,Male
name141,lastname141,Male
name142,lastname142,Female
name143,lastname143,Female
name144,lastname144,Male
name145,lastname145,Male
name146,lastname146,Male
name147,lastname147,Male
name148,lastname148,Female
name149,lastname149,Male
name150,lastname150,Female
name151,lastname151,Female
name152,lastname152,Female
name153,lastname153,Male
name154,lastname154,Female
name155,lastname155,Female
name156,lastname156,Female
name157,lastname157,Male
name158,lastname158,Female
name159,lastname159,Female
name160,lastname160,Female
name161,lastname161,Male
name162,lastname162,Male
name163,lastname163,Female
name164,lastname164,Male
name165,lastname165,Male
name166,lastname166,Female
name167,lastname167,Female
name168,lastname168,Female
name169,lastname169,Female
name170,lastname170,Female
name171,lastname171,Female
name172,lastname172,Female
name173,lastname173,Female
name174,lastname174,Male
name175,lastname175,Female
name176,lastname176,Female
name177,lastname177,Male
name178,lastname178,Female
name179,lastname179,Male
name180,lastname180,Male
name181,lastname181,Female
name182,lastname182,Male
name183,lastname183,Female
name184,lastname184,Female
name185,lastname185,Male
name186,lastname186,Female
name187,lastname187,Male
name188,lastname188,Male
name189,lastname189,Female
name190,lastname190,Male
name191,lastname191,Male
name192,lastname192,Male
name193,lastname193,Female
name194,lastname194,Male
name195,lastname195,Female
name196,lastname196,Male
name197,lastname197,Female
name198,lastname198,Female
name199,lastname199,Female
name200,lastname200,Female
name201,lastname201,Female
name202,lastname202,Female
name203,lastname203,Female
name204,lastname204,Male
name205,lastname205,Female
name206,lastname206,Female
name207,lastname207,Male
name208,lastname208,Male
name209,lastname209,Female
name210,lastname210,Female
name211,lastname211,Female
name212,lastname212,Male
name213,lastname213,Female
name214,lastname214,Female
name215,lastname215,Female
name216,lastname216,Female
name217,lastname217,Male
name218,lastname218,Female
name219,lastname219,Female
name220,lastname220,Female
name221,lastname221,Male
name222,lastname222,Male
name223,lastname223,Male
name224,lastname224,Female
name225,lastname225,Male
name226,lastname226,Female
name227,lastname227,Female
name228,lastname228,Female
name229,lastname229,Male
name230,lastname230,Female
name231,lastname231,Male
name232,lastname232,Male
name233,lastname233,Male
name234,lastname234,Male
name235,lastname235,Male
name236,lastname236,Male
name237,lastname237,Male
name238,lastname238,Male
name239,lastname239,Male
name240,lastname240,Male
name241,lastname241,Female
name242,lastname242,Female
name243,lastname243,Male
name244,lastname244,Male
name245,lastname245,Female
name246,lastname246,Female
name247,lastname247,Female
name248,lastname248,Male
name249,lastname249,Male
name250,lastname250,Female
name251,lastname251,Female
name252,lastname252,Male
name253,lastname253,Female
name254,lastname254,Female
name255,lastname255,Male
name256,lastname256,Male
name257,lastname257,Female
name258,lastname258,Female
name259,lastname259,Male
name260,lastname260,Male
name261,lastname261,Male
name262,lastname262,Female
name263,lastname263,Male
name264,lastname264,Male
name265,lastname265,Female
name266,lastname266,Female
name267,lastname267,Male
name268,lastname268,Female
name269,lastname269,Female
name270,lastname270,Female
name271,lastname271,Female
name272,lastname272,Female
name273,lastname273,Female
name274,lastname274,Female
name275,lastname275,Male
name276,lastname276,Female
name277,lastname277,Female
name278,lastname278,Female
name279,lastname279,Female
name280,lastname280,Female
name281,lastname281,Male
name282,lastname282,Male
name283,lastname283,Female
name284,lastname284,Male
name285,lastname285,Male
name286,lastname286,Male
name287,lastname287,Male
name288,lastname288,Female
name289,lastname289,Male
name290,lastname290,Female
name291,lastname291,Female
name292,lastname292,Female
name293,lastname293,Male
name294,lastname294,Male
name295,lastname295,Male
name296,lastname296,Male
name297,lastname297,Female
name298,lastname298,Female
name299,lastname299,Male
name300,lastname300,Male
name301,lastname301,Female
name302,lastname302,Female
name303,lastname303,Male
name304,lastname304,Male
name305,lastname305,Male
name306,lastname306,Female
name307,lastname307,Male
name308,lastname308,Male
name309,lastname309,Male
name310,lastname310,Male
name311,lastname311,Male
name312,lastname312,Female
name313,lastname313,Female
name314,lastname314,Male
name315,lastname315,Female
name316,lastname316,Male
name317,lastname317,Male
name318,lastname318,Male
name319,lastname319,Male
name320,lastname320,Male
name321,lastname321,Female
name322,lastname322,Female
name323,lastname323,Male
name324,lastname324,Male
name325,lastname325,Female
name326,lastname326,Female
name327,lastname327,Male
name328,lastname328,Female
name329,lastname329,Female
name330,lastname330,Male
name331,lastname331,Female
name332,lastname332,Female
name333,lastname333,Male
name334,lastname334,Male
name335,lastname335,Female
name336,lastname336,Male
name337,lastname337,Male
name338,lastname338,Male
name339,lastname339,Female
name340,lastname340,Female
name341,lastname341,Female
name342,lastname342,Male
name343,lastname343,Male
name344,lastname344,Male
name345,lastname345,Male
name346,lastname346,Female
name347,lastname347,Male
name348,lastname348,Female
name349,lastname349,Female
name350,lastname350,Male
name351,lastname351,Female
name352,lastname352,Male
name353,lastname353,Female
name354,lastname354,Female
name355,lastname355,Female
name356,lastname356,Male
name357,lastname357,Male
name358,lastname358,Female
name359,lastname359,Female
name360,lastname360,Male
name361,lastname361,Male
name362,lastname362,Male
name363,lastname363,Male
name364,lastname364,Female
name365,lastname365,Female
name366,lastname366,Male
name367,lastname367,Male
name368,lastname368,Male
name369,lastname369,Male
name370,lastname370,Female
name371,lastname371,Female
name372,lastname372,Female
name373,lastname373,Male
name374,lastname374,Male
name375,lastname375,Male
name376,lastname376,Male
name377,lastname377,Female
name378,lastname378,Male
name379,lastname379,Male
name380,lastname380,Female
name381,lastname381,Female
name382,lastname382,Female
name383,lastname383,Female
name384,lastname384,Male
name385,lastname385,Male
name386,lastname386,Female
name387,lastname387,Female
name388,lastname388,Female
name389,lastname389,Female
name390,lastname390,Male
name391,lastname391,Female
name392,lastname392,Male
name393,lastname393,Female
name394,lastname394,Female
name395,lastname395,Male
name396,lastname396,Female
name397,lastname397,Male
name398,lastname398,Male
name399,lastname399,Male
name400,lastname400,Female
name401,lastname401,Female
name402,lastname402,Male
name403,lastname403,Female
name404,lastname404,Male
name405,lastname405,Male
name406,lastname406,Female
name407,lastname407,Male
name408,lastname408,Female
name409,lastname409,Female
name410,lastname410,Male
name411,lastname411,Male
name412,lastname412,Female
name413,lastname413,Male
name414,lastname414,Male
name415,lastname415,Female
name416,lastname416,Female
name417,lastname417,Male
name418,lastname418,Female
name419,lastname419,Male
name420,lastname420,Female
name421,lastname421,Female
name422,lastname422,Male
name423,lastname423,Male
name424,lastname424,Female
name425,lastname425,Male
name426,lastname426,Female
name427,lastname427,Male
name428,lastname428,Male
name429,lastname429,Female
name430,lastname430,Female
name431,lastname431,Female
name432,lastname432,Female
name433,lastname433,Male
name434,lastname434,Male
name435,lastname435,Male
name436,lastname436,Male
name437,lastname437,Female
name438,lastname438,Female
name439,lastname439,Female
name440,lastname440,Male
name441,lastname441,Female
name442,lastname442,Female
name443,lastname443,Male
name444,lastname444,Female
name445,lastname445,Male
name446,lastname446,Male
name447,lastname447,Male
name448,lastname448,Female
name449,lastname449,Female
name450,lastname450,Male
name451,lastname451,Male
name452,lastname452,Male
name453,lastname453,Male
name454,lastname454,Male
name455,lastname455,Female
name456,lastname456,Female
name457,lastname457,Female
name458,lastname458,Female
name459,lastname459,Male
name460,lastname460,Male
name461,lastname461,Female
name462,lastname462,Female
name463,lastname463,Female
name464,lastname464,Male
name465,lastname465,Male
name466,lastname466,Male
name467,lastname467,Male
name468,lastname468,Female
name469,lastname469,Female
name470,lastname470,Male
name471,lastname471,Male
name472,lastname472,Female
name473,lastname473,Female
name474,lastname474,Male
name475,lastname475,Female
name476,lastname476,Female
name477,lastname477,Male
name478,lastname478,Male
name479,lastname479,Male
name480,lastname480,Female
name481,lastname481,Female
name482,lastname482,Male
name483,lastname483,Female
name484,lastname484,Female
name485,lastname485,Female
name486,lastname486,Male
name487,lastname487,Female
name488,lastname488,Male
name489,lastname489,Male
name490,lastname490,Male
name491,lastname491,Male
name492,lastname492,Male
name493,lastname493,Female
name494,lastname494,Female
name495,lastname495,Male
name496,lastname496,Male
name497,lastname497,Female
name498,lastname498,Male
name499,lastname499,Female
name500,lastname500,Female
name501,lastname501,Male
name502,lastname502,Female
name503,lastname503,Female
name504,lastname504,Female
name505,lastname505,Female
name506,lastname506,Female
name507,lastname507,Male
name508,lastname508,Male
name509,lastname509,Female
name510,lastname510,Female
name511,lastname511,Male
name512,lastname512,Female
name513,lastname513,Female
name514,lastname514,Male
name515,lastname515,Female
name516,lastname516,Male
name517,lastname517,Male
name518,lastname518,Male
name519,lastname519,Male
name520,lastname520,Female
name521,lastname521,Male
name522,lastname522,Female
name523,lastname523,Male
name524,lastname524,Male
name525,lastname525,Female
name526,lastname526,Male
name527,lastname527,Male
name528,lastname528,Female
name529,lastname529,Female
name530,lastname530,Male
name531,lastname531,Male
name532,lastname532,Male
name533,lastname533,Male
name534,lastname534,Female
name535,lastname535,Male
name536,lastname536,Female
name537,lastname537,Female
name538,lastname538,Male
name539,lastname539,Male
name540,lastname540,Male
name541,lastname541,Female
name542,lastname542,Female
name543,lastname543,Female
name544,lastname544,Male
name545,lastname545,Female
name546,lastname546,Male
name547,lastname547,Female
name548,lastname548,Male
name549,lastname549,Male
name550,lastname550,Female
name551,lastname551,Male
name552,lastname552,Female
name553,lastname553,Male
name554,lastname554,Male
name555,lastname555,Female
name556,lastname556,Female
name557,lastname557,Male
name558,lastname558,Female
name559,lastname559,Male
name560,lastname560,Female
name561,lastname561,Female
name562,lastname562,Female
name563,lastname563,Female
name564,lastname564,Female
name565,lastname565,Female
name566,lastname566,Female
name567,lastname567,Female
name568,lastname568,Female
name569,lastname569,Female
name570,lastname570,Female
name571,lastname571,Male
name572,lastname572,Male
name573,lastname573,Female
name574,lastname574,Female
name575,lastname575,Male
name576,lastname576,Male
name577,lastname577,Female
name578,lastname578,Female
name579,lastname579,Male
name580,lastname580,Female
name581,lastname581,Female
name582,lastname582,Female
name583,lastname583,Male
name584,lastname584,Male
name585,lastname585,Male
name586,lastname586,Male
name587,lastname587,Female
name588,lastname588,Female
name589,lastname589,Male
name590,lastname590,Female
name591,lastname591,Male
name592,lastname592,Female
name593,lastname593,Male
name594,lastname594,Male
name595,lastname595,Female
name596,lastname596,Female
name597,lastname597,Female
name598,lastname598,Male
name599,lastname599,Female
name600,lastname600,Male
name601,lastname601,Male
name602,lastname602,Female
name603,lastname603,Male
name604,lastname604,Male
name605,lastname605,Female
name606,lastname606,Male
name607,lastname607,Male
name608,lastname608,Female
name609,lastname609,Male
name610,lastname610,Male
name611,lastname611,Male
name612,lastname612,Male
name613,lastname613,Female
name614,lastname614,Female
name615,lastname615,Male
name616,lastname616,Female
name617,lastname617,Female
name618,lastname618,Male
name619,lastname619,Female
name620,lastname620,Female
name621,lastname621,Female
name622,lastname622,Female
name623,lastname623,Female
name624,lastname624,Male
name625,lastname625,Female
name626,lastname626,Female
name627,lastname627,Male
name628,lastname628,Male
name629,lastname629,Female
name630,lastname630,Male
name631,lastname631,Male
name632,lastname632,Female
name633,lastname633,Male
name634,lastname634,Male
name635,lastname635,Female
name636,lastname636,Female
name637,lastname637,Male
name638,lastname638,Female
name639,lastname639,Male
name640,lastname640,Female
name641,lastname641,Female
name642,lastname642,Female
name643,lastname643,Female
name644,lastname644,Male
name645,lastname645,Male
name646,lastname646,Female
name647,lastname647,Female
name648,lastname648,Male
name649,lastname649,Female
name650,lastname650,Female
name651,lastname651,Female
name652,lastname652,Male
name653,lastname653,Female
name654,lastname654,Male
name655,lastname655,Female
name656,lastname656,Female
name657,lastname657,Male
name658,lastname658,Female
name659,lastname659,Male
name660,lastname660,Female
name661,lastname661,Male
name662,lastname662,Male
name663,lastname663,Male
name664,lastname664,Male
name665,lastname665,Male
name666,lastname666,Male
name667,lastname667,Female
name668,lastname668,Male
name669,lastname669,Male
name670,lastname670,Female
name671,lastname671,Male
name672,lastname672,Male
name673,lastname673,Female
name674,lastname674,Female
name675,lastname675,Female
name676,lastname676,Female
name677,lastname677,Female
name678,lastname678,Female
name679,lastname679,Male
name680,lastname680,Female
name681,lastname681,Female
name682,lastname682,Female
name683,lastname683,Female
name684,lastname684,Male
name685,lastname685,Male
name686,lastname686,Male
name687,lastname687,Male
name688,lastname688,Male
name689,lastname689,Male
name690,lastname690,Female
name691,lastname691,Male
name692,lastname692,Female
name693,lastname693,Male
name694,lastname694,Male
name695,lastname695,Male
name696,lastname696,Female
name697,lastname697,Male
name698,lastname698,Female
name699,lastname699,Female
name700,lastname700,Male
name701,lastname701,Male
name702,lastname702,Female
name703,lastname703,Male
name704,lastname704,Female
name705,lastname705,Female
name706,lastname706,Male
name707,lastname707,Male
name708,lastname708,Male
name709,lastname709,Male
name710,lastname710,Female
name711,lastname711,Female
name712,lastname712,Male
name713,lastname713,Male
name714,lastname714,Male
name715,lastname715,Female
name716,lastname716,Male
name717,lastname717,Female
name718,lastname718,Female
name719,lastname719,Male
name720,lastname720,Female
name721,lastname721,Male
name722,lastname722,Female
name723,lastname723,Female
name724,lastname724,Male
name725,lastname725,Female
name726,lastname726,Female
name727,lastname727,Female
name728,lastname728,Male
name729,lastname729,Male
name730,lastname730,Male
name731,lastname731,Female
name732,lastname732,Female
name733,lastname733,Male
name734,lastname734,Male
name735,lastname735,Female
name736,lastname736,Male
name737,lastname737,Male
name738,lastname738,Female
name739,lastname739,Female
name740,lastname740,Female
name741,lastname741,Female
name742,lastname742,Female
name743,lastname743,Female
name744,lastname744,Female
name745,lastname745,Male
name746,lastname746,Male
name747,lastname747,Male
name748,lastname748,Female
name749,lastname749,Female
name750,lastname750,Male
name751,lastname751,Male
name752,lastname752,Female
name753,lastname753,Female
name754,lastname754,Female
name755,lastname755,Male
name756,lastname756,Female
name757,lastname757,Male
name758,lastname758,Male
name759,lastname759,Male
name760,lastname760,Male
name761,lastname761,Female
name762,lastname762,Male
name763,lastname763,Male
name764,lastname764,Female
name765,lastname765,Female
name766,lastname766,Male
name767,lastname767,Male
name768,lastname768,Female
name769,lastname769,Male
name770,lastname770,Male
name771,lastname771,Male
name772,lastname772,Female
name773,lastname773,Female
name774,lastname774,Male
name775,lastname775,Female
name776,lastname776,Male
name777,lastname777,Male
name778,lastname778,Female
name779,lastname779,Male
name780,lastname780,Male
name781,lastname781,Male
name782,lastname782,Male
name783,lastname783,Male
name784,lastname784,Male
name785,lastname785,Male
name786,lastname786,Male
name787,lastname787,Female
name788,lastname788,Female
name789,lastname789,Female
name790,lastname790,Male
name791,lastname791,Male
name792,lastname792,Female
name793,lastname793,Male
name794,lastname794,Male
name795,lastname795,Female
name796,lastname796,Female
name797,lastname797,Male
name798,lastname798,Male
name799,lastname799,Male
name800,lastname800,Male
name801,lastname801,Female
name802,lastname802,Female
name803,lastname803,Male
name804,lastname804,Female
name805,lastname805,Male
name806,lastname806,Female
name807,lastname807,Male
name808,lastname808,Female
name809,lastname809,Female
name810,lastname810,Male
name811,lastname811,Female
name812,lastname812,Male
name813,lastname813,Male
name814,lastname814,Male
name815,lastname815,Male
name816,lastname816,Male
name817,lastname817,Female
name818,lastname818,Female
name819,lastname819,Male
name820,lastname820,Male
name821,lastname821,Female
name822,lastname822,Female
name823,lastname823,Female
name824,lastname824,Female
name825,lastname825,Male
name826,lastname826,Female
name827,lastname827,Female
name828,lastname828,Female
name829,lastname829,Female
name830,lastname830,Male
name831,lastname831,Female
name832,lastname832,Female
name833,lastname833,Female
name834,lastname834,Female
name835,lastname835,Male
name836,lastname836,Female
name837,lastname837,Female
name838,lastname838,Male
name839,lastname839,Male
name840,lastname840,Female
name841,lastname841,Male
name842,lastname842,Female
name843,lastname843,Female
name844,lastname844,Male
name845,lastname845,Male
name846,lastname846,Female
name847,lastname847,Female
name848,lastname848,Female
name849,lastname849,Male
name850,lastname850,Female
name851,lastname851,Female
name852,lastname852,Female
name853,lastname853,Male
name854,lastname854,Male
name855,lastname855,Female
name856,lastname856,Female
name857,lastname857,Female
name858,lastname858,Male
name859,lastname859,Female
name860,lastname860,Female
name861,lastname861,Female
name862,lastname862,Male
name863,lastname863,Female
name864,lastname864,Male
name865,lastname865,Male
name866,lastname866,Male
name867,lastname867,Male
name868,lastname868,Male
name869,lastname869,Male
name870,lastname870,Male
name871,lastname871,Female
name872,lastname872,Female
name873,lastname873,Female
name874,lastname874,Female
name875,lastname875,Female
name876,lastname876,Female
name877,lastname877,Female
name878,lastname878,Male
name879,lastname879,Male
name880,lastname880,Female
name881,lastname881,Female
name882,lastname882,Female
name883,lastname883,Female
name884,lastname884,Female
name885,lastname885,Male
name886,lastname886,Female
name887,lastname887,Female
name888,lastname888,Female
name889,lastname889,Male
name890,lastname890,Male
name891,lastname891,Female
name892,lastname892,Male
name893,lastname893,Female
name894,lastname894,Male
name895,lastname895,Male
name896,lastname896,Male
name897,lastname897,Male
name898,lastname898,Male
name899,lastname899,Male
name900,lastname900,Female
name901,lastname901,Male
name902,lastname902,Female
name903,lastname903,Female
name904,lastname904,Female
name905,lastname905,Female
name906,lastname906,Female
name907,lastname907,Female
name908,lastname908,Male
name909,lastname909,Male
name910,lastname910,Female
name911,lastname911,Male
name912,lastname912,Female
name913,lastname913,Male
name914,lastname914,Female
name915,lastname915,Female
name916,lastname916,Male
name917,lastname917,Male
name918,lastname918,Female
name919,lastname919,Male
name920,lastname920,Male
name921,lastname921,Male
name922,lastname922,Male
name923,lastname923,Male
name924,lastname924,Male
name925,lastname925,Female
name926,lastname926,Male
name927,lastname927,Male
name928,lastname928,Female
name929,lastname929,Female
name930,lastname930,Male
name931,lastname931,Male
name932,lastname932,Male
name933,lastname933,Female
name934,lastname934,Female
name935,lastname935,Male
name936,lastname936,Male
name937,lastname937,Male
name938,lastname938,Female
name939,lastname939,Female
name940,lastname940,Female
name941,lastname941,Male
name942,lastname942,Male
name943,lastname943,Male
name944,lastname944,Female
name945,lastname945,Female
name946,lastname946,Female
name947,lastname947,Male
name948,lastname948,Female
name949,lastname949,Female
name950,lastname950,Female
name951,lastname951,Female
name952,lastname952,Male
name953,lastname953,Female
name954,lastname954,Female
name955,lastname955,Male
name956,lastname956,Male
name957,lastname957,Male
name958,lastname958,Male
name959,lastname959,Female
name960,lastname960,Male
name961,lastname961,Male
name962,lastname962,Female
name963,lastname963,Male
name964,lastname964,Male
name965,lastname965,Female
name966,lastname966,Female
name967,lastname967,Male
name968,lastname968,Female
name969,lastname969,Female
name970,lastname970,Male
name971,lastname971,Female
name972,lastname972,Male
name973,lastname973,Male
name974,lastname974,Male
name975,lastname975,Female
name976,lastname976,Female
name977,lastname977,Female
name978,lastname978,Female
name979,lastname979,Male
name980,lastname980,Female
name981,lastname981,Male
name982,lastname982,Female
name983,lastname983,Male
name984,lastname984,Female
name985,lastname985,Female
name986,lastname986,Female
name987,lastname987,Female
name988,lastname988,Male
name989,lastname989,Male
name990,lastname990,Male
name991,lastname991,Male
name992,lastname992,Female
name993,lastname993,Male
name994,lastname994,Female
name995,lastname995,Male
name996,lastname996,Female
name997,lastname997,Male
name998,lastname998,Male
name999,lastname999,Female
name1000,lastname1000,Female
name1001,lastname1001,Male
name1002,lastname1002,Female
name1003,lastname1003,Female
name1004,lastname1004,Female
name1005,lastname1005,Female
name1006,lastname1006,Male
name1007,lastname1007,Male
name1008,lastname1008,Female
name1009,lastname1009,Female
name1010,lastname1010,Female
name1011,lastname1011,Male
name1012,lastname1012,Female
name1013,lastname1013,Male
name1014,lastname1014,Female
name1015,lastname1015,Female
name1016,lastname1016,Male
name1017,lastname1017,Female
name1018,lastname1018,Male
name1019,lastname1019,Male
name1020,lastname1020,Female
name1021,lastname1021,Male
name1022,lastname1022,Female
name1023,lastname1023,Male
name1024,lastname1024,Male
name1025,lastname1025,Male
name1026,lastname1026,Female
name1027,lastname1027,Female
name1028,lastname1028,Female
name1029,lastname1029,Female
name1030,lastname1030,Female
name1031,lastname1031,Female
name1032,lastname1032,Male
name1033,lastname1033,Female
name1034,lastname1034,Male
name1035,lastname1035,Female
name1036,lastname1036,Male
name1037,lastname1037,Female
name1038,lastname1038,Female
name1039,lastname1039,Male
name1040,lastname1040,Female
name1041,lastname1041,Female
name1042,lastname1042,Male
name1043,lastname1043,Female
name1044,lastname1044,Male
name1045,lastname1045,Male
name1046,lastname1046,Female
name1047,lastname1047,Male
name1048,lastname1048,Male
name1049,lastname1049,Female
name1050,lastname1050,Male
name1051,lastname1051,Female
name1052,lastname1052,Female
name1053,lastname1053,Male
name1054,lastname1054,Male
name1055,lastname1055,Female
name1056,lastname1056,Female
name1057,lastname1057,Male
name1058,lastname1058,Female
name1059,lastname1059,Male
name1060,lastname1060,Male
name1061,lastname1061,Female
name1062,lastname1062,Male
name1063,lastname1063,Female
name1064,lastname1064,Male
name1065,lastname1065,Male
name1066,lastname1066,Male
name1067,lastname1067,Female
name1068,lastname1068,Female
name1069,lastname1069,Female
name1070,lastname1070,Female
name1071,lastname1071,Female
name1072,lastname1072,Female
name1073,lastname1073,Male
name1074,lastname1074,Male
name1075,lastname1075,Male
name1076,lastname1076,Female
name1077,lastname1077,Male
name1078,lastname1078,Male
name1079,lastname1079,Female
name1080,lastname1080,Male
name1081,lastname1081,Male
name1082,lastname1082,Female
name1083,lastname1083,Female
name1084,lastname1084,Female
name1085,lastname1085,Male
name1086,lastname1086,Male
name1087,lastname1087,Female
name1088,lastname1088,Female
name1089,lastname1089,Male
name1090,lastname1090,Female
name1091,lastname1091,Female
name1092,lastname1092,Male
name1093,lastname1093,Male
name1094,lastname1094,Male
name1095,lastname1095,Female
name1096,lastname1096,Male
name1097,lastname1097,Male
name1098,lastname1098,Female
name1099,lastname1099,Male
name1100,lastname1100,Male
name1101,lastname1101,Male
name1102,lastname1102,Male
name1103,lastname1103,Male
name1104,lastname1104,Male
name1105,lastname1105,Female
name1106,lastname1106,Male
name1107,lastname1107,Male
name1108,lastname1108,Male
name1109,lastname1109,Female
name1110,lastname1110,Male
name1111,lastname1111,Male
name1112,lastname1112,Female
name1113,lastname1113,Female
name1114,lastname1114,Male
name1115,lastname1115,Female
name1116,lastname1116,Male
name1117,lastname1117,Male
name1118,lastname1118,Male
name1119,lastname1119,Male
name1120,lastname1120,Male
name1121,lastname1121,Male
name1122,lastname1122,Male
name1123,lastname1123,Male
name1124,lastname1124,Male
name1125,lastname1125,Female
name1126,lastname1126,Male
name1127,lastname1127,Male
name1128,lastname1128,Female
name1129,lastname1129,Female
name1130,lastname1130,Male
name1131,lastname1131,Male
name1132,lastname1132,Male
name1133,lastname1133,Female
name1134,lastname1134,Female
name1135,lastname1135,Female
name1136,lastname1136,Male
name1137,lastname1137,Male
name1138,lastname1138,Male
name1139,lastname1139,Male
name1140,lastname1140,Male
name1141,lastname1141,Male
name1142,lastname1142,Male
name1143,lastname1143,Male
name1144,lastname1144,Male
name1145,lastname1145,Female
name1146,lastname1146,Male
name1147,lastname1147,Male
name1148,lastname1148,Male
name1149,lastname1149,Female
name1150,lastname1150,Male
name1151,lastname1151,Female
name1152,lastname1152,Male
name1153,lastname1153,Female
name1154,lastname1154,Female
name1155,lastname1155,Female
name1156,lastname1156,Female
name1157,lastname1157,Female
name1158,lastname1158,Male
name1159,lastname1159,Male
name1160,lastname1160,Male
name1161,lastname1161,Female
name1162,lastname1162,Female
name1163,lastname1163,Female
name1164,lastname1164,Male
name1165,lastname1165,Female
name1166,lastname1166,Male
name1167,lastname1167,Male
name1168,lastname1168,Male
name1169,lastname1169,Female
name1170,lastname1170,Male
name1171,lastname1171,Male
name1172,lastname1172,Female
name1173,lastname1173,Male
name1174,lastname1174,Male
name1175,lastname1175,Male
name1176,lastname1176,Male
name1177,lastname1177,Female
name1178,lastname1178,Male
name1179,lastname1179,Female
name1180,lastname1180,Female
name1181,lastname1181,Male
name1182,lastname1182,Female
name1183,lastname1183,Female
name1184,lastname1184,Male
name1185,lastname1185,Female
name1186,lastname1186,Male
name1187,lastname1187,Male
name1188,lastname1188,Male
name1189,lastname1189,Male
name1190,lastname1190,Male
name1191,lastname1191,Female
name1192,lastname1192,Female
name1193,lastname1193,Male
name1194,lastname1194,Female
name1195,lastname1195,Male
name1196,lastname1196,Female
name1197,lastname1197,Female
name1198,lastname1198,Female
name1199,lastname1199,Male
name1200,lastname1200,Female
name1201,lastname1201,Female
name1202,lastname1202,Male
name1203,lastname1203,Male
name1204,lastname1204,Female
name1205,lastname1205,Female
name1206,lastname1206,Male
name1207,lastname1207,Female
name1208,lastname1208,Male
name1209,lastname1209,Male
name1210,lastname1210,Male
name1211,lastname1211,Female
name1212,lastname1212,Male
name1213,lastname1213,Female
name1214,lastname1214,Female
name1215,lastname1215,Female
name1216,lastname1216,Female
name1217,lastname1217,Female
name1218,lastname1218,Male
name1219,lastname1219,Female
name1220,lastname1220,Female
name1221,lastname1221,Male
name1222,lastname1222,Female
name1223,lastname1223,Male
name1224,lastname1224,Male
name1225,lastname1225,Male
name1226,lastname1226,Female
name1227,lastname1227,Male
name1228,lastname1228,Male
name1229,lastname1229,Male
name1230,lastname1230,Male
name1231,lastname1231,Male
name1232,lastname1232,Male
name1233,lastname1233,Male
name1234,lastname1234,Female
name1235,lastname1235,Female
name1236,lastname1236,Female
name1237,lastname1237,Male
name1238,lastname1238,Female
name1239,lastname1239,Male
name1240,lastname1240,Male
name1241,lastname1241,Male
name1242,lastname1242,Female
name1243,lastname1243,Male
name1244,lastname1244,Male
name1245,lastname1245,Male
name1246,lastname1246,Female
name1247,lastname1247,Female
name1248,lastname1248,Male
name1249,lastname1249,Female
name1250,lastname1250,Female
name1251,lastname1251,Female
name1252,lastname1252,Female
name1253,lastname1253,Female
name1254,lastname1254,Female
name1255,lastname1255,Female
name1256,lastname1256,Female
name1257,lastname1257,Male
name1258,lastname1258,Female
name1259,lastname1259,Female
name1260,lastname1260,Male
name1261,lastname1261,Male
name1262,lastname1262,Female
name1263,lastname1263,Male
name1264,lastname1264,Male
name1265,lastname1265,Female
name1266,lastname1266,Male
name1267,lastname1267,Female
name1268,lastname1268,Female
name1269,lastname1269,Male
name1270,lastname1270,Male
name1271,lastname1271,Female
name1272,lastname1272,Female
name1273,lastname1273,Male
name1274,lastname1274,Male
name1275,lastname1275,Female
name1276,lastname1276,Female
name1277,lastname1277,Female
name1278,lastname1278,Male
name1279,lastname1279,Female
name1280,lastname1280,Female
name1281,lastname1281,Female
name1282,lastname1282,Male
name1283,lastname1283,Male
name1284,lastname1284,Female
name1285,lastname1285,Male
name1286,lastname1286,Female
name1287,lastname1287,Male
name1288,lastname1288,Male
name1289,lastname1289,Female
name1290,lastname1290,Female
name1291,lastname1291,Male
name1292,lastname1292,Female
name1293,lastname1293,Female
name1294,lastname1294,Male
name1295,lastname1295,Male
name1296,lastname1296,Female
name1297,lastname1297,Male
name1298,lastname1298,Male
name1299,lastname1299,Male
name1300,lastname1300,Male
name1301,lastname1301,Female
name1302,lastname1302,Female
name1303,lastname1303,Male
name1304,lastname1304,Male
name1305,lastname1305,Female
name1306,lastname1306,Male
name1307,lastname1307,Male
name1308,lastname1308,Male
name1309,lastname1309,Male
name1310,lastname1310,Female
name1311,lastname1311,Female
name1312,lastname1312,Male
name1313,lastname1313,Male
name1314,lastname1314,Male
name1315,lastname1315,Male
name1316,lastname1316,Male
name1317,lastname1317,Male
name1318,lastname1318,Female
name1319,lastname1319,Female
name1320,lastname1320,Male
name1321,lastname1321,Male
name1322,lastname1322,Male
name1323,lastname1323,Female
name1324,lastname1324,Female
name1325,lastname1325,Female
name1326,lastname1326,Male
name1327,lastname1327,Female
name1328,lastname1328,Male
name1329,lastname1329,Male
name1330,lastname1330,Female
name1331,lastname1331,Male
name1332,lastname1332,Female
name1333,lastname1333,Male
name1334,lastname1334,Male
name1335,lastname1335,Female
name1336,lastname1336,Male
name1337,lastname1337,Female
name1338,lastname1338,Male
name1339,lastname1339,Female
name1340,lastname1340,Male
name1341,lastname1341,Female
name1342,lastname1342,Female
name1343,lastname1343,Male
name1344,lastname1344,Female
name1345,lastname1345,Female
name1346,lastname1346,Male
name1347,lastname1347,Female
name1348,lastname1348,Female
name1349,lastname1349,Male
name1350,lastname1350,Female
name1351,lastname1351,Female
name1352,lastname1352,Female
name1353,lastname1353,Male
name1354,lastname1354,Male
name1355,lastname1355,Female
name1356,lastname1356,Female
name1357,lastname1357,Male
name1358,lastname1358,Female
name1359,lastname1359,Male
name1360,lastname1360,Female
name1361,lastname1361,Female
name1362,lastname1362,Male
name1363,lastname1363,Female
name1364,lastname1364,Female
name1365,lastname1365,Female
name1366,lastname1366,Female
name1367,lastname1367,Male
name1368,lastname1368,Female
name1369,lastname1369,Male
name1370,lastname1370,Male
name1371,lastname1371,Male
name1372,lastname1372,Female
name1373,lastname1373,Male
name1374,lastname1374,Female
name1375,lastname1375,Male
name1376,lastname1376,Male
name1377,lastname1377,Female
name1378,lastname1378,Female
name1379,lastname1379,Male
name1380,lastname1380,Female
name1381,lastname1381,Female
name1382,lastname1382,Female
name1383,lastname1383,Female
name1384,lastname1384,Female
name1385,lastname1385,Female
name1386,lastname1386,Male
name1387,lastname1387,Male
name1388,lastname1388,Male
name1389,lastname1389,Male
name1390,lastname1390,Female
name1391,lastname1391,Female
name1392,lastname1392,Male
name1393,lastname1393,Male
name1394,lastname1394,Male
name1395,lastname1395,Male
name1396,lastname1396,Male
name1397,lastname1397,Male
name1398,lastname1398,Male
name1399,lastname1399,Female
name1400,lastname1400,Female
name1401,lastname1401,Male
name1402,lastname1402,Male
name1403,lastname1403,Female
name1404,lastname1404,Male
name1405,lastname1405,Female
name1406,lastname1406,Male
name1407,lastname1407,Female
name1408,lastname1408,Male
name1409,lastname1409,Male
name1410,lastname1410,Male
name1411,lastname1411,Female
name1412,lastname1412,Male
name1413,lastname1413,Male
name1414,lastname1414,Male
name1415,lastname1415,Male
name1416,lastname1416,Female
name1417,lastname1417,Male
name1418,lastname1418,Male
name1419,lastname1419,Female
name1420,lastname1420,Male
name1421,lastname1421,Female
name1422,lastname1422,Female
name1423,lastname1423,Male
name1424,lastname1424,Male
name1425,lastname1425,Male
name1426,lastname1426,Female
name1427,lastname1427,Female
name1428,lastname1428,Male
name1429,lastname1429,Male
name1430,lastname1430,Male
name1431,lastname1431,Male
name1432,lastname1432,Female
name1433,lastname1433,Male
name1434,lastname1434,Female
name1435,lastname1435,Male
name1436,lastname1436,Female
name1437,lastname1437,Male
name1438,lastname1438,Male
name1439,lastname1439,Female
name1440,lastname1440,Female
name1441,lastname1441,Female
name1442,lastname1442,Female
name1443,lastname1443,Male
name1444,lastname1444,Male
name1445,lastname1445,Male
name1446,lastname1446,Male
name1447,lastname1447,Male
name1448,lastname1448,Female
name1449,lastname1449,Male
name1450,lastname1450,Female
name1451,lastname1451,Male
name1452,lastname1452,Female
name1453,lastname1453,Female
name1454,lastname1454,Female
name1455,lastname1455,Male
name1456,lastname1456,Female
name1457,lastname1457,Male
name1458,lastname1458,Male
name1459,lastname1459,Male
name1460,lastname1460,Male
name1461,lastname1461,Male
name1462,lastname1462,Male
name1463,lastname1463,Female
name1464,lastname1464,Female
name1465,lastname1465,Male
name1466,lastname1466,Male
name1467,lastname1467,Male
name1468,lastname1468,Female
name1469,lastname1469,Female
name1470,lastname1470,Female
name1471,lastname1471,Male
name1472,lastname1472,Male
name1473,lastname1473,Female
name1474,lastname1474,Female
name1475,lastname1475,Female
name1476,lastname1476,Female
name1477,lastname1477,Female
name1478,lastname1478,Female
name1479,lastname1479,Female
name1480,lastname1480,Male
name1481,lastname1481,Female
name1482,lastname1482,Male
name1483,lastname1483,Female
name1484,lastname1484,Male
name1485,lastname1485,Male
name1486,lastname1486,Male
name1487,lastname1487,Female
name1488,lastname1488,Female
name1489,lastname1489,Female
name1490,lastname1490,Female
name1491,lastname1491,Female
name1492,lastname1492,Male
name1493,lastname1493,Female
name1494,lastname1494,Male
name1495,lastname1495,Female
name1496,lastname1496,Female
name1497,lastname1497,Female
name1498,lastname1498,Male
name1499,lastname1499,Male
name1500,lastname1500,Male
name1501,lastname1501,Female
name1502,lastname1502,Female
name1503,lastname1503,Female
name1504,lastname1504,Female
name1505,lastname1505,Female
name1506,lastname1506,Male
name1507,lastname1507,Female
name1508,lastname1508,Female
name1509,lastname1509,Female
name1510,lastname1510,Female
name1511,lastname1511,Male
name1512,lastname1512,Male
name1513,lastname1513,Male
name1514,lastname1514,Female
name1515,lastname1515,Female
name1516,lastname1516,Female
name1517,lastname1517,Male
name1518,lastname1518,Female
name1519,lastname1519,Female
name1520,lastname1520,Male
name1521,lastname1521,Female
name1522,lastname1522,Male
name1523,lastname1523,Male
name1524,lastname1524,Female
name1525,lastname1525,Female
name1526,lastname1526,Female
name1527,lastname1527,Male
name1528,lastname1528,Male
name1529,lastname1529,Male
name1530,lastname1530,Female
name1531,lastname1531,Female
name1532,lastname1532,Male
name1533,lastname1533,Female
name1534,lastname1534,Male
name1535,lastname1535,Male
name1536,lastname1536,Male
name1537,lastname1537,Female
name1538,lastname1538,Male
name1539,lastname1539,Male
name1540,lastname1540,Female
name1541,lastname1541,Male
name1542,lastname1542,Female
name1543,lastname1543,Female
name1544,lastname1544,Female
name1545,lastname1545,Male
name1546,lastname1546,Female
name1547,lastname1547,Male
name1548,lastname1548,Male
name1549,lastname1549,Male
name1550,lastname1550,Female
name1551,lastname1551,Male
name1552,lastname1552,Male
name1553,lastname1553,Male
name1554,lastname1554,Female
name1555,lastname1555,Male
name1556,lastname1556,Female
name1557,lastname1557,Female
name1558,lastname1558,Male
name1559,lastname1559,Female
name1560,lastname1560,Female
name1561,lastname1561,Male
name1562,lastname1562,Female
name1563,lastname1563,Male
name1564,lastname1564,Male
name1565,lastname1565,Male
name1566,lastname1566,Male
name1567,lastname1567,Male
name1568,lastname1568,Male
name1569,lastname1569,Male
name1570,lastname1570,Male
name1571,lastname1571,Female
name1572,lastname1572,Male
name1573,lastname1573,Male
name1574,lastname1574,Male
name1575,lastname1575,Female
name1576,lastname1576,Female
name1577,lastname1577,Male
name1578,lastname1578,Female
name1579,lastname1579,Female
name1580,lastname1580,Female
name1581,lastname1581,Female
name1582,lastname1582,Female
name1583,lastname1583,Male
name1584,lastname1584,Female
name1585,lastname1585,Male
name1586,lastname1586,Male
name1587,lastname1587,Male
name1588,lastname1588,Male
name1589,lastname1589,Male
name1590,lastname1590,Female
name1591,lastname1591,Male
name1592,lastname1592,Female
name1593,lastname1593,Male
name1594,lastname1594,Female
name1595,lastname1595,Female
name1596,lastname1596,Female
name1597,lastname1597,Male
name1598,lastname1598,Male
name1599,lastname1599,Male
name1600,lastname1600,Female
name1601,lastname1601,Female
name1602,lastname1602,Female
name1603,lastname1603,Female
name1604,lastname1604,Male
name1605,lastname1605,Male
name1606,lastname1606,Female
name1607,lastname1607,Male
name1608,lastname1608,Male
name1609,lastname1609,Female
name1610,lastname1610,Male
name1611,lastname1611,Male
name1612,lastname1612,Female
name1613,lastname1613,Female
name1614,lastname1614,Male
name1615,lastname1615,Female
name1616,lastname1616,Male
name1617,lastname1617,Male
name1618,lastname1618,Female
name1619,lastname1619,Male
name1620,lastname1620,Male
name1621,lastname1621,Male
name1622,lastname1622,Female
name1623,lastname1623,Male
name1624,lastname1624,Male
name1625,lastname1625,Female
name1626,lastname1626,Male
name1627,lastname1627,Male
name1628,lastname1628,Male
name1629,lastname1629,Male
name1630,lastname1630,Male
name1631,lastname1631,Male
name1632,lastname1632,Male
name1633,lastname1633,Male
name1634,lastname1634,Female
name1635,lastname1635,Female
name1636,lastname1636,Male
name1637,lastname1637,Male
name1638,lastname1638,Female
name1639,lastname1639,Female
name1640,lastname1640,Male
name1641,lastname1641,Male
name1642,lastname1642,Female
name1643,lastname1643,Male
name1644,lastname1644,Male
name1645,lastname1645,Male
name1646,lastname1646,Female
name1647,lastname1647,Male
name1648,lastname1648,Male
name1649,lastname1649,Female
name1650,lastname1650,Female
name1651,lastname1651,Male
name1652,lastname1652,Male
name1653,lastname1653,Female
name1654,lastname1654,Male
name1655,lastname1655,Male
name1656,lastname1656,Female
name1657,lastname1657,Female
name1658,lastname1658,Female
name1659,lastname1659,Male
name1660,lastname1660,Female
name1661,lastname1661,Female
name1662,lastname1662,Male
name1663,lastname1663,Male
name1664,lastname1664,Male
name1665,lastname1665,Female
name1666,lastname1666,Female
name1667,lastname1667,Female
name1668,lastname1668,Male
name1669,lastname1669,Female
name1670,lastname1670,Female
name1671,lastname1671,Male
name1672,lastname1672,Female
name1673,lastname1673,Female
name1674,lastname1674,Male
name1675,lastname1675,Female
name1676,lastname1676,Female
name1677,lastname1677,Male
name1678,lastname1678,Male
name1679,lastname1679,Male
name1680,lastname1680,Male
name1681,lastname1681,Male
name1682,lastname1682,Male
name1683,lastname1683,Male
name1684,lastname1684,Male
name1685,lastname1685,Male
name1686,lastname1686,Male
name1687,lastname1687,Female
name1688,lastname1688,Female
name1689,lastname1689,Male
name1690,lastname1690,Female
name1691,lastname1691,Male
name1692,lastname1692,Female
name1693,lastname1693,Male
name1694,lastname1694,Female
name1695,lastname1695,Female
name1696,lastname1696,Female
name1697,lastname1697,Male
name1698,lastname1698,Male
name1699,lastname1699,Male
name1700,lastname1700,Female
name1701,lastname1701,Male
name1702,lastname1702,Male
name1703,lastname1703,Male
name1704,lastname1704,Female
name1705,lastname1705,Female
name1706,lastname1706,Female
name1707,lastname1707,Male
name1708,lastname1708,Female
name1709,lastname1709,Male
name1710,lastname1710,Female
name1711,lastname1711,Female
name1712,lastname1712,Male
name1713,lastname1713,Male
name1714,lastname1714,Male
name1715,lastname1715,Male
name1716,lastname1716,Male
name1717,lastname1717,Male
name1718,lastname1718,Female
name1719,lastname1719,Female
name1720,lastname1720,Male
name1721,lastname1721,Female
name1722,lastname1722,Female
name1723,lastname1723,Female
name1724,lastname1724,Female
name1725,lastname1725,Male
name1726,lastname1726,Female
name1727,lastname1727,Male
name1728,lastname1728,Female
name1729,lastname1729,Female
name1730,lastname1730,Female
name1731,lastname1731,Female
name1732,lastname1732,Male
name1733,lastname1733,Female
name1734,lastname1734,Female
name1735,lastname1735,Female
name1736,lastname1736,Female
name1737,lastname1737,Male
name1738,lastname1738,Male
name1739,lastname1739,Female
name1740,lastname1740,Female
name1741,lastname1741,Female
name1742,lastname1742,Female
name1743,lastname1743,Female
name1744,lastname1744,Male
name1745,lastname1745,Male
name1746,lastname1746,Female
name1747,lastname1747,Female
name1748,lastname1748,Male
name1749,lastname1749,Female
name1750,lastname1750,Male
name1751,lastname1751,Male
name1752,lastname1752,Female
name1753,lastname1753,Male
name1754,lastname1754,Female
name1755,lastname1755,Female
name1756,lastname1756,Female
name1757,lastname1757,Male
name1758,lastname1758,Male
name1759,lastname1759,Female
name1760,lastname1760,Male
name1761,lastname1761,Female
name1762,lastname1762,Male
name1763,lastname1763,Male
name1764,lastname1764,Female
name1765,lastname1765,Female
name1766,lastname1766,Male
name1767,lastname1767,Male
name1768,lastname1768,Male
name1769,lastname1769,Female
name1770,lastname1770,Female
name1771,lastname1771,Male
name1772,lastname1772,Male
name1773,lastname1773,Male
name1774,lastname1774,Male
name1775,lastname1775,Male
name1776,lastname1776,Female
name1777,lastname1777,Male
name1778,lastname1778,Female
name1779,lastname1779,Female
name1780,lastname1780,Male
name1781,lastname1781,Male
name1782,lastname1782,Male
name1783,lastname1783,Male
name1784,lastname1784,Female
name1785,lastname1785,Male
name1786,lastname1786,Male
name1787,lastname1787,Male
name1788,lastname1788,Female
name1789,lastname1789,Male
name1790,lastname1790,Male
name1791,lastname1791,Female
name1792,lastname1792,Female
name1793,lastname1793,Female
name1794,lastname1794,Male
name1795,lastname1795,Female
name1796,lastname1796,Male
name1797,lastname1797,Male
name1798,lastname1798,Male
name1799,lastname1799,Female
name1800,lastname1800,Female
name1801,lastname1801,Female
name1802,lastname1802,Female
name1803,lastname1803,Male
name1804,lastname1804,Male
name1805,lastname1805,Male
name1806,lastname1806,Male
name1807,lastname1807,Male
name1808,lastname1808,Male
name1809,lastname1809,Female
name1810,lastname1810,Female
name1811,lastname1811,Male
name1812,lastname1812,Female
name1813,lastname1813,Male
name1814,lastname1814,Male
name1815,lastname1815,Female
name1816,lastname1816,Male
name1817,lastname1817,Male
name1818,lastname1818,Male
name1819,lastname1819,Female
name1820,lastname1820,Female
name1821,lastname1821,Female
name1822,lastname1822,Male
name1823,lastname1823,Male
name1824,lastname1824,Male
name1825,lastname1825,Female
name1826,lastname1826,Male
name1827,lastname1827,Male
name1828,lastname1828,Female
name1829,lastname1829,Male
name1830,lastname1830,Male
name1831,lastname1831,Female
name1832,lastname1832,Male
name1833,lastname1833,Female
name1834,lastname1834,Male
name1835,lastname1835,Male
name1836,lastname1836,Male
name1837,lastname1837,Male
name1838,lastname1838,Male
name1839,lastname1839,Male
name1840,lastname1840,Female
name1841,lastname1841,Male
name1842,lastname1842,Female
name1843,lastname1843,Male
name1844,lastname1844,Male
name1845,lastname1845,Male
name1846,lastname1846,Male
name1847,lastname1847,Female
name1848,lastname1848,Female
name1849,lastname1849,Male
name1850,lastname1850,Male
name1851,lastname1851,Male
name1852,lastname1852,Female
name1853,lastname1853,Female
name1854,lastname1854,Male
name1855,lastname1855,Female
name1856,lastname1856,Female
name1857,lastname1857,Male
name1858,lastname1858,Female
name1859,lastname1859,Female
name1860,lastname1860,Female
name1861,lastname1861,Female
name1862,lastname1862,Male
name1863,lastname1863,Male
name1864,lastname1864,Female
name1865,lastname1865,Female
name1866,lastname1866,Male
name1867,lastname1867,Male
name1868,lastname1868,Male
name1869,lastname1869,Female
name1870,lastname1870,Male
name1871,lastname1871,Female
name1872,lastname1872,Male
name1873,lastname1873,Female
name1874,lastname1874,Female
name1875,lastname1875,Male
name1876,lastname1876,Male
name1877,lastname1877,Female
name1878,lastname1878,Male
name1879,lastname1879,Female
name1880,lastname1880,Male
name1881,lastname1881,Female
name1882,lastname1882,Female
name1883,lastname1883,Female
name1884,lastname1884,Female
name1885,lastname1885,Female
name1886,lastname1886,Male
name1887,lastname1887,Female
name1888,lastname1888,Female
name1889,lastname1889,Male
name1890,lastname1890,Male
name1891,lastname1891,Female
name1892,lastname1892,Female
name1893,lastname1893,Female
name1894,lastname1894,Female
name1895,lastname1895,Male
name1896,lastname1896,Male
name1897,lastname1897,Female
name1898,lastname1898,Female
name1899,lastname1899,Male
name1900,lastname1900,Female
name1901,lastname1901,Male
name1902,lastname1902,Male
name1903,lastname1903,Female
name1904,lastname1904,Female
name1905,lastname1905,Female
name1906,lastname1906,Female
name1907,lastname1907,Female
name1908,lastname1908,Female
name1909,lastname1909,Female
name1910,lastname1910,Male
name1911,lastname1911,Female
name1912,lastname1912,Female
name1913,lastname1913,Male
name1914,lastname1914,Male
name1915,lastname1915,Female
name1916,lastname1916,Male
name1917,lastname1917,Male
name1918,lastname1918,Male
name1919,lastname1919,Male
name1920,lastname1920,Male
name1921,lastname1921,Male
name1922,lastname1922,Male
name1923,lastname1923,Female
name1924,lastname1924,Male
name1925,lastname1925,Female
name1926,lastname1926,Female
name1927,lastname1927,Female
name1928,lastname1928,Female
name1929,lastname1929,Male
name1930,lastname1930,Male
name1931,lastname1931,Male
name1932,lastname1932,Female
name1933,lastname1933,Male
name1934,lastname1934,Male
name1935,lastname1935,Female
name1936,lastname1936,Female
name1937,lastname1937,Female
name1938,lastname1938,Female
name1939,lastname1939,Male
name1940,lastname1940,Female
name1941,lastname1941,Female
name1942,lastname1942,Male
name1943,lastname1943,Male
name1944,lastname1944,Female
name1945,lastname1945,Male
name1946,lastname1946,Female
name1947,lastname1947,Female
name1948,lastname1948,Male
name1949,lastname1949,Male
name1950,lastname1950,Male
name1951,lastname1951,Male
name1952,lastname1952,Female
name1953,lastname1953,Male
name1954,lastname1954,Male
name1955,lastname1955,Female
name1956,lastname1956,Female
name1957,lastname1957,Male
name1958,lastname1958,Male
name1959,lastname1959,Female
name1960,lastname1960,Male
name1961,lastname1961,Female
name1962,lastname1962,Male
name1963,lastname1963,Female
name1964,lastname1964,Female
name1965,lastname1965,Male
name1966,lastname1966,Female
name1967,lastname1967,Male
name1968,lastname1968,Female
name1969,lastname1969,Female
name1970,lastname1970,Female
name1971,lastname1971,Female
name1972,lastname1972,Female
name1973,lastname1973,Female
name1974,lastname1974,Female
name1975,lastname1975,Male
name1976,lastname1976,Female
name1977,lastname1977,Male
name1978,lastname1978,Female
name1979,lastname1979,Female
name1980,lastname1980,Male
name1981,lastname1981,Female
name1982,lastname1982,Male
name1983,lastname1983,Male
name1984,lastname1984,Male
name1985,lastname1985,Male
name1986,lastname1986,Female
name1987,lastname1987,Male
name1988,lastname1988,Female
name1989,lastname1989,Female
name1990,lastname1990,Female
name1991,lastname1991,Female
name1992,lastname1992,Male
name1993,lastname1993,Female
name1994,lastname1994,Male
name1995,lastname1995,Female
name1996,lastname1996,Male
name1997,lastname1997,Male
name1998,lastname1998,Female
name1999,lastname1999,Female
name2000,lastname2000,Male
name2001,lastname2001,Male
name2002,lastname2002,Female
name2003,lastname2003,Male
name2004,lastname2004,Male
name2005,lastname2005,Male
name2006,lastname2006,Female
name2007,lastname2007,Female
name2008,lastname2008,Female
name2009,lastname2009,Male
name2010,lastname2010,Male
name2011,lastname2011,Male
name2012,lastname2012,Female
name2013,lastname2013,Male
name2014,lastname2014,Male
name2015,lastname2015,Male
name2016,lastname2016,Male
name2017,lastname2017,Male
name2018,lastname2018,Female
name2019,lastname2019,Male
name2020,lastname2020,Male
name2021,lastname2021,Male
name2022,lastname2022,Female
name2023,lastname2023,Female
name2024,lastname2024,Male
name2025,lastname2025,Male
name2026,lastname2026,Male
name2027,lastname2027,Male
name2028,lastname2028,Female
name2029,lastname2029,Female
name2030,lastname2030,Female
name2031,lastname2031,Male
name2032,lastname2032,Male
name2033,lastname2033,Female
name2034,lastname2034,Male
name2035,lastname2035,Male
name2036,lastname2036,Female
name2037,lastname2037,Female
name2038,lastname2038,Female
name2039,lastname2039,Female
name2040,lastname2040,Female
name2041,lastname2041,Male
name2042,lastname2042,Male
name2043,lastname2043,Male
name2044,lastname2044,Female
name2045,lastname2045,Male
name2046,lastname2046,Male
name2047,lastname2047,Female
name2048,lastname2048,Male
name2049,lastname2049,Male
name2050,lastname2050,Female
name2051,lastname2051,Female
name2052,lastname2052,Female
name2053,lastname2053,Male
name2054,lastname2054,Female
name2055,lastname2055,Male
name2056,lastname2056,Female
name2057,lastname2057,Male
name2058,lastname2058,Male
name2059,lastname2059,Female
name2060,lastname2060,Male
name2061,lastname2061,Female
name2062,lastname2062,Male
name2063,lastname2063,Female
name2064,lastname2064,Male
name2065,lastname2065,Female
name2066,lastname2066,Female
name2067,lastname2067,Female
name2068,lastname2068,Male
name2069,lastname2069,Female
name2070,lastname2070,Female
name2071,lastname2071,Female
name2072,lastname2072,Male
name2073,lastname2073,Male
name2074,lastname2074,Female
name2075,lastname2075,Male
name2076,lastname2076,Male
name2077,lastname2077,Female
name2078,lastname2078,Female
name2079,lastname2079,Female
name2080,lastname2080,Male
name2081,lastname2081,Male
name2082,lastname2082,Female
name2083,lastname2083,Male
name2084,lastname2084,Female
name2085,lastname2085,Female
name2086,lastname2086,Male
name2087,lastname2087,Male
name2088,lastname2088,Female
name2089,lastname2089,Female
name2090,lastname2090,Female
name2091,lastname2091,Female
name2092,lastname2092,Female
name2093,lastname2093,Female
name2094,lastname2094,Female
name2095,lastname2095,Male
name2096,lastname2096,Male
name2097,lastname2097,Male
name2098,lastname2098,Female
name2099,lastname2099,Female
name2100,lastname2100,Male
name2101,lastname2101,Female
name2102,lastname2102,Female
name2103,lastname2103,Female
name2104,lastname2104,Male
name2105,lastname2105,Female
name2106,lastname2106,Male
name2107,lastname2107,Male
name2108,lastname2108,Female
name2109,lastname2109,Male
name2110,lastname2110,Male
name2111,lastname2111,Male
name2112,lastname2112,Male
name2113,lastname2113,Male
name2114,lastname2114,Male
name2115,lastname2115,Male
name2116,lastname2116,Female
name2117,lastname2117,Female
name2118,lastname2118,Female
name2119,lastname2119,Female
name2120,lastname2120,Female
name2121,lastname2121,Female
name2122,lastname2122,Male
name2123,lastname2123,Female
name2124,lastname2124,Male
name2125,lastname2125,Female
name2126,lastname2126,Female
name2127,lastname2127,Male
name2128,lastname2128,Male
name2129,lastname2129,Male
name2130,lastname2130,Male
name2131,lastname2131,Female
name2132,lastname2132,Female
name2133,lastname2133,Male
name2134,lastname2134,Male
name2135,lastname2135,Male
name2136,lastname2136,Female
name2137,lastname2137,Female
name2138,lastname2138,Female
name2139,lastname2139,Female
name2140,lastname2140,Male
name2141,lastname2141,Female
name2142,lastname2142,Female
name2143,lastname2143,Male
name2144,lastname2144,Male
name2145,lastname2145,Male
name2146,lastname2146,Female
name2147,lastname2147,Female
name2148,lastname2148,Female
name2149,lastname2149,Male
name2150,lastname2150,Female
name2151,lastname2151,Male
name2152,lastname2152,Male
name2153,lastname2153,Male
name2154,lastname2154,Male
name2155,lastname2155,Male
name2156,lastname2156,Male
name2157,lastname2157,Female
name2158,lastname2158,Male
name2159,lastname2159,Male
name2160,lastname2160,Female
name2161,lastname2161,Male
name2162,lastname2162,Male
name2163,lastname2163,Male
name2164,lastname2164,Female
name2165,lastname2165,Male
name2166,lastname2166,Male
name2167,lastname2167,Male
name2168,lastname2168,Female
name2169,lastname2169,Female
name2170,lastname2170,Female
name2171,lastname2171,Male
name2172,lastname2172,Female
name2173,lastname2173,Female
name2174,lastname2174,Female
name2175,lastname2175,Female
name2176,lastname2176,Male
name2177,lastname2177,Male
name2178,lastname2178,Male
name2179,lastname2179,Male
name2180,lastname2180,Female
name2181,lastname2181,Female
name2182,lastname2182,Female
name2183,lastname2183,Male
name2184,lastname2184,Female
name2185,lastname2185,Female
name2186,lastname2186,Male
name2187,lastname2187,Female
name2188,lastname2188,Female
name2189,lastname2189,Male
name2190,lastname2190,Male
name2191,lastname2191,Male
name2192,lastname2192,Female
name2193,lastname2193,Female
name2194,lastname2194,Male
name2195,lastname2195,Male
name2196,lastname2196,Female
name2197,lastname2197,Female
name2198,lastname2198,Female
name2199,lastname2199,Female
name2200,lastname2200,Male
name2201,lastname2201,Male
name2202,lastname2202,Female
name2203,lastname2203,Male
name2204,lastname2204,Male
name2205,lastname2205,Female
name2206,lastname2206,Female
name2207,lastname2207,Male
name2208,lastname2208,Female
name2209,lastname2209,Female
name2210,lastname2210,Male
name2211,lastname2211,Female
name2212,lastname2212,Male
name2213,lastname2213,Male
name2214,lastname2214,Male
name2215,lastname2215,Female
name2216,lastname2216,Female
name2217,lastname2217,Female
name2218,lastname2218,Male
name2219,lastname2219,Male
name2220,lastname2220,Female
name2221,lastname2221,Female
name2222,lastname2222,Female
name2223,lastname2223,Female
name2224,lastname2224,Male
name2225,lastname2225,Male
name2226,lastname2226,Female
name2227,lastname2227,Female
name2228,lastname2228,Male
name2229,lastname2229,Male
name2230,lastname2230,Female
name2231,lastname2231,Male
name2232,lastname2232,Male
name2233,lastname2233,Male
name2234,lastname2234,Male
name2235,lastname2235,Female
name2236,lastname2236,Male
name2237,lastname2237,Male
name2238,lastname2238,Male
name2239,lastname2239,Female
name2240,lastname2240,Female
name2241,lastname2241,Male
name2242,lastname2242,Female
name2243,lastname2243,Female
name2244,lastname2244,Male
name2245,lastname2245,Female
name2246,lastname2246,Male
name2247,lastname2247,Female
name2248,lastname2248,Female
name2249,lastname2249,Female
name2250,lastname2250,Female
name2251,lastname2251,Male
name2252,lastname2252,Female
name2253,lastname2253,Female
name2254,lastname2254,Female
name2255,lastname2255,Male
name2256,lastname2256,Male
name2257,lastname2257,Male
name2258,lastname2258,Female
name2259,lastname2259,Male
name2260,lastname2260,Female
name2261,lastname2261,Male
name2262,lastname2262,Male
name2263,lastname2263,Female
name2264,lastname2264,Male
name2265,lastname2265,Male
name2266,lastname2266,Male
name2267,lastname2267,Female
name2268,lastname2268,Male
name2269,lastname2269,Male
name2270,lastname2270,Male
name2271,lastname2271,Male
name2272,lastname2272,Female
name2273,lastname2273,Female
name2274,lastname2274,Male
name2275,lastname2275,Female
name2276,lastname2276,Female
name2277,lastname2277,Female
name2278,lastname2278,Female
name2279,lastname2279,Female
name2280,lastname2280,Female
name2281,lastname2281,Male
name2282,lastname2282,Male
name2283,lastname2283,Female
name2284,lastname2284,Female
name2285,lastname2285,Female
name2286,lastname2286,Female
name2287,lastname2287,Male
name2288,lastname2288,Male
name2289,lastname2289,Male
name2290,lastname2290,Male
name2291,lastname2291,Male
name2292,lastname2292,Female
name2293,lastname2293,Male
name2294,lastname2294,Male
name2295,lastname2295,Female
name2296,lastname2296,Male
name2297,lastname2297,Male
name2298,lastname2298,Male
name2299,lastname2299,Male
name2300,lastname2300,Female
name2301,lastname2301,Female
name2302,lastname2302,Female
name2303,lastname2303,Female
name2304,lastname2304,Female
name2305,lastname2305,Female
name2306,lastname2306,Male
name2307,lastname2307,Male
name2308,lastname2308,Male
name2309,lastname2309,Female
name2310,lastname2310,Female
name2311,lastname2311,Male
name2312,lastname2312,Female
name2313,lastname2313,Male
name2314,lastname2314,Male
name2315,lastname2315,Female
name2316,lastname2316,Male
name2317,lastname2317,Male
name2318,lastname2318,Female
name2319,lastname2319,Female
name2320,lastname2320,Female
name2321,lastname2321,Female
name2322,lastname2322,Male
name2323,lastname2323,Female
name2324,lastname2324,Female
name2325,lastname2325,Female
name2326,lastname2326,Male
name2327,lastname2327,Male
name2328,lastname2328,Male
name2329,lastname2329,Female
name2330,lastname2330,Male
name2331,lastname2331,Male
name2332,lastname2332,Female
name2333,lastname2333,Male
name2334,lastname2334,Female
name2335,lastname2335,Male
name2336,lastname2336,Female
name2337,lastname2337,Male
name2338,lastname2338,Female
name2339,lastname2339,Female
name2340,lastname2340,Female
name2341,lastname2341,Female
name2342,lastname2342,Male
name2343,lastname2343,Male
name2344,lastname2344,Male
name2345,lastname2345,Male
name2346,lastname2346,Male
name2347,lastname2347,Female
name2348,lastname2348,Female
name2349,lastname2349,Male
name2350,lastname2350,Male
name2351,lastname2351,Male
name2352,lastname2352,Female
name2353,lastname2353,Male
name2354,lastname2354,Female
name2355,lastname2355,Female
name2356,lastname2356,Female
name2357,lastname2357,Female
name2358,lastname2358,Male
name2359,lastname2359,Male
name2360,lastname2360,Male
name2361,lastname2361,Male
name2362,lastname2362,Male
name2363,lastname2363,Female
name2364,lastname2364,Female
name2365,lastname2365,Female
name2366,lastname2366,Male
name2367,lastname2367,Female
name2368,lastname2368,Female
name2369,lastname2369,Male
name2370,lastname2370,Female
name2371,lastname2371,Female
name2372,lastname2372,Male
name2373,lastname2373,Female
name2374,lastname2374,Male
name2375,lastname2375,Male
name2376,lastname2376,Female
name2377,lastname2377,Female
name2378,lastname2378,Male
name2379,lastname2379,Male
name2380,lastname2380,Female
name2381,lastname2381,Male
name2382,lastname2382,Male
name2383,lastname2383,Female
name2384,lastname2384,Male
name2385,lastname2385,Male
name2386,lastname2386,Female
name2387,lastname2387,Male
name2388,lastname2388,Male
name2389,lastname2389,Female
name2390,lastname2390,Male
name2391,lastname2391,Male
name2392,lastname2392,Male
name2393,lastname2393,Male
name2394,lastname2394,Female
name2395,lastname2395,Male
name2396,lastname2396,Female
name2397,lastname2397,Male
name2398,lastname2398,Female
name2399,lastname2399,Female
name2400,lastname2400,Female
name2401,lastname2401,Male
name2402,lastname2402,Female
name2403,lastname2403,Male
name2404,lastname2404,Male
name2405,lastname2405,Male
name2406,lastname2406,Female
name2407,lastname2407,Female
name2408,lastname2408,Female
name2409,lastname2409,Male
name2410,lastname2410,Female
name2411,lastname2411,Male
name2412,lastname2412,Male
name2413,lastname2413,Female
name2414,lastname2414,Female
name2415,lastname2415,Male
name2416,lastname2416,Female
name2417,lastname2417,Male
name2418,lastname2418,Female
name2419,lastname2419,Male
name2420,lastname2420,Male
name2421,lastname2421,Male
name2422,lastname2422,Male
name2423,lastname2423,Female
name2424,lastname2424,Female
name2425,lastname2425,Male
name2426,lastname2426,Female
name2427,lastname2427,Male
name2428,lastname2428,Female
name2429,lastname2429,Female
name2430,lastname2430,Female
name2431,lastname2431,Male
name2432,lastname2432,Male
name2433,lastname2433,Female
name2434,lastname2434,Female
name2435,lastname2435,Female
name2436,lastname2436,Male
name2437,lastname2437,Male
name2438,lastname2438,Male
name2439,lastname2439,Male
name2440,lastname2440,Male
name2441,lastname2441,Male
name2442,lastname2442,Male
name2443,lastname2443,Male
name2444,lastname2444,Female
name2445,lastname2445,Male
name2446,lastname2446,Male
name2447,lastname2447,Male
name2448,lastname2448,Female
name2449,lastname2449,Female
name2450,lastname2450,Male
name2451,lastname2451,Male
name2452,lastname2452,Male
name2453,lastname2453,Male
name2454,lastname2454,Female
name2455,lastname2455,Male
name2456,lastname2456,Male
name2457,lastname2457,Male
name2458,lastname2458,Male
name2459,lastname2459,Female
name2460,lastname2460,Male
name2461,lastname2461,Female
name2462,lastname2462,Male
name2463,lastname2463,Female
name2464,lastname2464,Male
name2465,lastname2465,Female
name2466,lastname2466,Female
name2467,lastname2467,Female
name2468,lastname2468,Male
name2469,lastname2469,Female
name2470,lastname2470,Male
name2471,lastname2471,Female
name2472,lastname2472,Male
name2473,lastname2473,Female
name2474,lastname2474,Male
name2475,lastname2475,Male
name2476,lastname2476,Female
name2477,lastname2477,Male
name2478,lastname2478,Male
name2479,lastname2479,Female
name2480,lastname2480,Male
name2481,lastname2481,Male
name2482,lastname2482,Male
name2483,lastname2483,Male
name2484,lastname2484,Male
name2485,lastname2485,Male
name2486,lastname2486,Female
name2487,lastname2487,Male
name2488,lastname2488,Male
name2489,lastname2489,Male
name2490,lastname2490,Female
name2491,lastname2491,Male
name2492,lastname2492,Female
name2493,lastname2493,Female
name2494,lastname2494,Male
name2495,lastname2495,Male
name2496,lastname2496,Male
name2497,lastname2497,Male
name2498,lastname2498,Male
name2499,lastname2499,Male
name2500,lastname2500,Male
name2501,lastname2501,Female
name2502,lastname2502,Female
name2503,lastname2503,Female
name2504,lastname2504,Male
name2505,lastname2505,Female
name2506,lastname2506,Female
name2507,lastname2507,Female
name2508,lastname2508,Male
name2509,lastname2509,Female
name2510,lastname2510,Male
name2511,lastname2511,Female
name2512,lastname2512,Female
name2513,lastname2513,Male
name2514,lastname2514,Female
name2515,lastname2515,Male
name2516,lastname2516,Female
name2517,lastname2517,Female
name2518,lastname2518,Female
name2519,lastname2519,Male
name2520,lastname2520,Male
name2521,lastname2521,Male
name2522,lastname2522,Male
name2523,lastname2523,Female
name2524,lastname2524,Female
name2525,lastname2525,Male
name2526,lastname2526,Male
name2527,lastname2527,Male
name2528,lastname2528,Female
name2529,lastname2529,Male
name2530,lastname2530,Male
name2531,lastname2531,Male
name2532,lastname2532,Female
name2533,lastname2533,Male
name2534,lastname2534,Male
name2535,lastname2535,Male
name2536,lastname2536,Female
name2537,lastname2537,Female
name2538,lastname2538,Female
name2539,lastname2539,Male
name2540,lastname2540,Male
name2541,lastname2541,Male
name2542,lastname2542,Female
name2543,lastname2543,Female
name2544,lastname2544,Male
name2545,lastname2545,Male
name2546,lastname2546,Female
name2547,lastname2547,Female
name2548,lastname2548,Male
name2549,lastname2549,Male
name2550,lastname2550,Male
name2551,lastname2551,Female
name2552,lastname2552,Male
name2553,lastname2553,Female
name2554,lastname2554,Female
name2555,lastname2555,Male
name2556,lastname2556,Female
name2557,lastname2557,Male
name2558,lastname2558,Male
name2559,lastname2559,Male
name2560,lastname2560,Male
name2561,lastname2561,Female
name2562,lastname2562,Male
name2563,lastname2563,Male
name2564,lastname2564,Female
name2565,lastname2565,Male
name2566,lastname2566,Female
name2567,lastname2567,Female
name2568,lastname2568,Female
name2569,lastname2569,Female
name2570,lastname2570,Male
name2571,lastname2571,Male
name2572,lastname2572,Male
name2573,lastname2573,Female
name2574,lastname2574,Male
name2575,lastname2575,Female
name2576,lastname2576,Female
name2577,lastname2577,Female
name2578,lastname2578,Male
name2579,lastname2579,Male
name2580,lastname2580,Male
name2581,lastname2581,Female
name2582,lastname2582,Male
name2583,lastname2583,Male
name2584,lastname2584,Male
name2585,lastname2585,Male
name2586,lastname2586,Female
name2587,lastname2587,Male
name2588,lastname2588,Male
name2589,lastname2589,Male
name2590,lastname2590,Male
name2591,lastname2591,Female
name2592,lastname2592,Male
name2593,lastname2593,Male
name2594,lastname2594,Male
name2595,lastname2595,Male
name2596,lastname2596,Male
name2597,lastname2597,Male
name2598,lastname2598,Male
name2599,lastname2599,Male
name2600,lastname2600,Male
name2601,lastname2601,Female
name2602,lastname2602,Female
name2603,lastname2603,Female
name2604,lastname2604,Male
name2605,lastname2605,Female
name2606,lastname2606,Female
name2607,lastname2607,Female
name2608,lastname2608,Female
name2609,lastname2609,Female
name2610,lastname2610,Male
name2611,lastname2611,Female
name2612,lastname2612,Male
name2613,lastname2613,Female
name2614,lastname2614,Female
name2615,lastname2615,Male
name2616,lastname2616,Female
name2617,lastname2617,Female
name2618,lastname2618,Male
name2619,lastname2619,Female
name2620,lastname2620,Male
name2621,lastname2621,Female
name2622,lastname2622,Male
name2623,lastname2623,Male
name2624,lastname2624,Female
name2625,lastname2625,Male
name2626,lastname2626,Female
name2627,lastname2627,Female
name2628,lastname2628,Female
name2629,lastname2629,Male
name2630,lastname2630,Female
name2631,lastname2631,Female
name2632,lastname2632,Male
name2633,lastname2633,Male
name2634,lastname2634,Male
name2635,lastname2635,Male
name2636,lastname2636,Male
name2637,lastname2637,Female
name2638,lastname2638,Male
name2639,lastname2639,Male
name2640,lastname2640,Female
name2641,lastname2641,Female
name2642,lastname2642,Female
name2643,lastname2643,Female
name2644,lastname2644,Male
name2645,lastname2645,Male
name2646,lastname2646,Male
name2647,lastname2647,Female
name2648,lastname2648,Female
name2649,lastname2649,Male
name2650,lastname2650,Male
name2651,lastname2651,Male
name2652,lastname2652,Male
name2653,lastname2653,Male
name2654,lastname2654,Female
name2655,lastname2655,Female
name2656,lastname2656,Male
name2657,lastname2657,Male
name2658,lastname2658,Female
name2659,lastname2659,Female
name2660,lastname2660,Female
name2661,lastname2661,Female
name2662,lastname2662,Male
name2663,lastname2663,Female
name2664,lastname2664,Male
name2665,lastname2665,Male
name2666,lastname2666,Female
name2667,lastname2667,Male
name2668,lastname2668,Male
name2669,lastname2669,Male
name2670,lastname2670,Male
name2671,lastname2671,Male
name2672,lastname2672,Male
name2673,lastname2673,Male
name2674,lastname2674,Male
name2675,lastname2675,Female
name2676,lastname2676,Male
name2677,lastname2677,Male
name2678,lastname2678,Female
name2679,lastname2679,Female
name2680,lastname2680,Male
name2681,lastname2681,Female
name2682,lastname2682,Male
name2683,lastname2683,Male
name2684,lastname2684,Male
name2685,lastname2685,Female
name2686,lastname2686,Female
name2687,lastname2687,Male
name2688,lastname2688,Male
name2689,lastname2689,Female
name2690,lastname2690,Male
name2691,lastname2691,Male
name2692,lastname2692,Male
name2693,lastname2693,Male
name2694,lastname2694,Female
name2695,lastname2695,Male
name2696,lastname2696,Male
name2697,lastname2697,Female
name2698,lastname2698,Male
name2699,lastname2699,Female
name2700,lastname2700,Female
name2701,lastname2701,Male
name2702,lastname2702,Male
name2703,lastname2703,Male
name2704,lastname2704,Female
name2705,lastname2705,Female
name2706,lastname2706,Female
name2707,lastname2707,Male
name2708,lastname2708,Female
name2709,lastname2709,Female
name2710,lastname2710,Female
name2711,lastname2711,Female
name2712,lastname2712,Female
name2713,lastname2713,Female
name2714,lastname2714,Female
name2715,lastname2715,Female
name2716,lastname2716,Male
name2717,lastname2717,Male
name2718,lastname2718,Male
name2719,lastname2719,Female
name2720,lastname2720,Male
name2721,lastname2721,Male
name2722,lastname2722,Female
name2723,lastname2723,Female
name2724,lastname2724,Female
name2725,lastname2725,Female
name2726,lastname2726,Male
name2727,lastname2727,Male
name2728,lastname2728,Female
name2729,lastname2729,Male
name2730,lastname2730,Male
name2731,lastname2731,Female
name2732,lastname2732,Female
name2733,lastname2733,Male
name2734,lastname2734,Female
name2735,lastname2735,Male
name2736,lastname2736,Female
name2737,lastname2737,Female
name2738,lastname2738,Female
name2739,lastname2739,Female
name2740,lastname2740,Male
name2741,lastname2741,Male
name2742,lastname2742,Male
name2743,lastname2743,Female
name2744,lastname2744,Female
name2745,lastname2745,Female
name2746,lastname2746,Female
name2747,lastname2747,Male
name2748,lastname2748,Male
name2749,lastname2749,Female
name2750,lastname2750,Female
name2751,lastname2751,Female
name2752,lastname2752,Female
name2753,lastname2753,Male
name2754,lastname2754,Female
name2755,lastname2755,Female
name2756,lastname2756,Female
name2757,lastname2757,Male
name2758,lastname2758,Female
name2759,lastname2759,Male
name2760,lastname2760,Male
name2761,lastname2761,Female
name2762,lastname2762,Male
name2763,lastname2763,Female
name2764,lastname2764,Male
name2765,lastname2765,Male
name2766,lastname2766,Female
name2767,lastname2767,Male
name2768,lastname2768,Female
name2769,lastname2769,Female
name2770,lastname2770,Female
name2771,lastname2771,Male
name2772,lastname2772,Male
name2773,lastname2773,Male
name2774,lastname2774,Female
name2775,lastname2775,Female
name2776,lastname2776,Male
name2777,lastname2777,Female
name2778,lastname2778,Male
name2779,lastname2779,Male
name2780,lastname2780,Female
name2781,lastname2781,Female
name2782,lastname2782,Female
name2783,lastname2783,Female
name2784,lastname2784,Male
name2785,lastname2785,Female
name2786,lastname2786,Female
name2787,lastname2787,Male
name2788,lastname2788,Female
name2789,lastname2789,Male
name2790,lastname2790,Female
name2791,lastname2791,Female
name2792,lastname2792,Female
name2793,lastname2793,Male
name2794,lastname2794,Female
name2795,lastname2795,Female
name2796,lastname2796,Female
name2797,lastname2797,Male
name2798,lastname2798,Male
name2799,lastname2799,Male
name2800,lastname2800,Male
name2801,lastname2801,Female
name2802,lastname2802,Male
name2803,lastname2803,Female
name2804,lastname2804,Female
name2805,lastname2805,Female
name2806,lastname2806,Female
name2807,lastname2807,Female
name2808,lastname2808,Female
name2809,lastname2809,Female
name2810,lastname2810,Female
name2811,lastname2811,Female
name2812,lastname2812,Female
name2813,lastname2813,Female
name2814,lastname2814,Male
name2815,lastname2815,Male
name2816,lastname2816,Female
name2817,lastname2817,Female
name2818,lastname2818,Female
name2819,lastname2819,Female
name2820,lastname2820,Female
name2821,lastname2821,Male
name2822,lastname2822,Female
name2823,lastname2823,Male
name2824,lastname2824,Female
name2825,lastname2825,Female
name2826,lastname2826,Male
name2827,lastname2827,Male
name2828,lastname2828,Female
name2829,lastname2829,Male
name2830,lastname2830,Female
name2831,lastname2831,Female
name2832,lastname2832,Female
name2833,lastname2833,Female
name2834,lastname2834,Male
name2835,lastname2835,Male
name2836,lastname2836,Male
name2837,lastname2837,Female
name2838,lastname2838,Female
name2839,lastname2839,Male
name2840,lastname2840,Female
name2841,lastname2841,Female
name2842,lastname2842,Female
name2843,lastname2843,Female
name2844,lastname2844,Male
name2845,lastname2845,Female
name2846,lastname2846,Female
name2847,lastname2847,Female
name2848,lastname2848,Male
name2849,lastname2849,Female
name2850,lastname2850,Female
name2851,lastname2851,Male
name2852,lastname2852,Female
name2853,lastname2853,Male
name2854,lastname2854,Female
name2855,lastname2855,Female
name2856,lastname2856,Male
name2857,lastname2857,Male
name2858,lastname2858,Female
name2859,lastname2859,Female
name2860,lastname2860,Male
name2861,lastname2861,Female
name2862,lastname2862,Male
name2863,lastname2863,Female
name2864,lastname2864,Male
name2865,lastname2865,Female
name2866,lastname2866,Female
name2867,lastname2867,Female
name2868,lastname2868,Female
name2869,lastname2869,Male
name2870,lastname2870,Female
name2871,lastname2871,Female
name2872,lastname2872,Female
name2873,lastname2873,Male
name2874,lastname2874,Female
name2875,lastname2875,Male
name2876,lastname2876,Male
name2877,lastname2877,Female
name2878,lastname2878,Male
name2879,lastname2879,Male
name2880,lastname2880,Male
name2881,lastname2881,Male
name2882,lastname2882,Male
name2883,lastname2883,Female
name2884,lastname2884,Male
name2885,lastname2885,Male
name2886,lastname2886,Male
name2887,lastname2887,Male
name2888,lastname2888,Female
name2889,lastname2889,Male
name2890,lastname2890,Male
name2891,lastname2891,Male
name2892,lastname2892,Female
name2893,lastname2893,Female
name2894,lastname2894,Male
name2895,lastname2895,Female
name2896,lastname2896,Female
name2897,lastname2897,Female
name2898,lastname2898,Male
name2899,lastname2899,Male
name2900,lastname2900,Female
name2901,lastname2901,Female
name2902,lastname2902,Female
name2903,lastname2903,Male
name2904,lastname2904,Male
name2905,lastname2905,Male
name2906,lastname2906,Male
name2907,lastname2907,Male
name2908,lastname2908,Male
name2909,lastname2909,Female
name2910,lastname2910,Female
name2911,lastname2911,Female
name2912,lastname2912,Female
name2913,lastname2913,Female
name2914,lastname2914,Male
name2915,lastname2915,Male
name2916,lastname2916,Male
name2917,lastname2917,Female
name2918,lastname2918,Male
name2919,lastname2919,Female
name2920,lastname2920,Male
name2921,lastname2921,Female
name2922,lastname2922,Female
name2923,lastname2923,Female
name2924,lastname2924,Male
name2925,lastname2925,Male
name2926,lastname2926,Female
name2927,lastname2927,Male
name2928,lastname2928,Female
name2929,lastname2929,Female
name2930,lastname2930,Female
name2931,lastname2931,Female
name2932,lastname2932,Female
name2933,lastname2933,Female
name2934,lastname2934,Female
name2935,lastname2935,Male
name2936,lastname2936,Male
name2937,lastname2937,Male
name2938,lastname2938,Male
name2939,lastname2939,Female
name2940,lastname2940,Male
name2941,lastname2941,Male
name2942,lastname2942,Male
name2943,lastname2943,Female
name2944,lastname2944,Female
name2945,lastname2945,Male
name2946,lastname2946,Male
name2947,lastname2947,Male
name2948,lastname2948,Male
name2949,lastname2949,Male
name2950,lastname2950,Female
name2951,lastname2951,Female
name2952,lastname2952,Male
name2953,lastname2953,Male
name2954,lastname2954,Male
name2955,lastname2955,Female
name2956,lastname2956,Female
name2957,lastname2957,Female
name2958,lastname2958,Female
name2959,lastname2959,Female
name2960,lastname2960,Male
name2961,lastname2961,Female
name2962,lastname2962,Male
name2963,lastname2963,Male
name2964,lastname2964,Female
name2965,lastname2965,Male
name2966,lastname2966,Female
name2967,lastname2967,Female
name2968,lastname2968,Female
name2969,lastname2969,Female
name2970,lastname2970,Male
name2971,lastname2971,Female
name2972,lastname2972,Male
name2973,lastname2973,Female
name2974,lastname2974,Female
name2975,lastname2975,Female
name2976,lastname2976,Female
name2977,lastname2977,Female
name2978,lastname2978,Female
name2979,lastname2979,Male
name2980,lastname2980,Male
name2981,lastname2981,Female
name2982,lastname2982,Male
name2983,lastname2983,Male
name2984,lastname2984,Male
name2985,lastname2985,Female
name2986,lastname2986,Female
name2987,lastname2987,Female
name2988,lastname2988,Female
name2989,lastname2989,Male
name2990,lastname2990,Female
name2991,lastname2991,Female
name2992,lastname2992,Male
name2993,lastname2993,Female
name2994,lastname2994,Male
name2995,lastname2995,Male
name2996,lastname2996,Female
name2997,lastname2997,Male
name2998,lastname2998,Female
name2999,lastname2999,Male
name3000,lastname3000,Male
